{
    "final_equity": 91497.24982801356,
    "trades_count": 262,
    "best_trade": 2471.362779520845,
    "worst_trade": -1389.8606628107216,
    "avg_trade": -32.45324493124654
}