{
    "final_equity": 106193.80290229453,
    "trades_count": 218,
    "best_trade": 2537.1891965794857,
    "worst_trade": -3289.2713125786663,
    "avg_trade": 28.411939918780973
}